endpoint,endpoint_label,unit,family,link,endpoint_tier,term,label,order,coef,se,z,p_link,link_contrast,link_lo,link_hi,link_exp,link_exp_lo,link_exp_hi,link_meaning,ci_excludes_null,effect,eff_lo,eff_hi,scale,p_response,p_test,tier,p_holm,significant,verdict,structural
pr_auc,PR-AUC,AUPRC,beta,logit,primary,A,model,main,-0.0098318566860168,0.003548998484739,-2.7703186485693,0.0056001476154425,-0.0196637133720336,-0.03357553179458493,-0.005751894949482269,0.9805283564442471,0.9669818705969753,0.9942646155275954,odds ratio,True,-0.0048878335212143,-0.0083462678096517,-0.0014293992327769,difference of marginal means (eight cells),0.0056050585781388,0.0056050585781388,primary,,True,significant,False
pr_auc,PR-AUC,AUPRC,beta,logit,primary,B,effort,main,-0.0081406911091939,0.003548998477879,-2.2937995493475105,0.0218020153313875,-0.0162813822183878,-0.030193200614048427,-0.0023695638227271745,0.9838504430827472,0.9702580609860163,0.9976332413774901,odds ratio,True,-0.0040466947122319,-0.0075051289941287,-0.0005882604303351,difference of marginal means (eight cells),0.0218282681036904,0.0218282681036904,secondary,0.0436565362073808,True,significant,False
pr_auc,PR-AUC,AUPRC,beta,logit,primary,C,critic,main,-0.001143337565352,0.0035489984632002,-0.3221578079583184,0.7473331462621211,-0.002286675130704,-0.016198493468824786,0.011625143207416788,0.9977159373192186,0.9839319965956189,1.011692977792119,odds ratio,False,-0.0005691084144263,-0.0040275426823557,0.002889325853503,difference of marginal means (eight cells),0.7470548956669667,0.7470548956669667,secondary,0.7470548956669667,False,not significant,False
pr_auc,PR-AUC,AUPRC,beta,logit,primary,AB,model:effort,two-way,0.0026753958554958,0.0035489984645386,0.7538453121995584,0.4509421119172241,0.0107015834219832,-0.01712205326475124,0.03852522010871764,1.010759050178002,0.9830236960611279,1.0392769387048506,ratio of odds ratios,False,0.0013271435401911,-0.0021312907289904,0.0047855778093727,difference of marginal means (eight cells),0.4519796002181719,0.4509421119172241,exploratory,,,CI only (no verdict),False
pr_auc,PR-AUC,AUPRC,beta,logit,primary,AC,model:critic,two-way,-8.846647654223352e-05,0.0035489984629086,-0.0249271667674175,0.9801130580168308,-0.0003538659061689341,-0.028177502580124407,0.02746977076778654,0.9996461966969863,0.9722157806749512,1.0278505435048593,ratio of odds ratios,False,-4.4731158422184336e-05,-0.003503165426072,0.0034137031092276,difference of marginal means (eight cells),0.9797757577137396,0.9801130580168308,exploratory,,,CI only (no verdict),False
pr_auc,PR-AUC,AUPRC,beta,logit,primary,BC,effort:critic,two-way,-0.0028185577343009,0.0035489984646939,-0.7941839824222227,0.4270883319007766,-0.0112742309372036,-0.03909786762515557,0.01654940575074837,0.9887890850347256,0.9616565894941794,1.016687105734981,ratio of odds ratios,False,-0.0014025052386142,-0.0048609395079732,0.0020559290307446,difference of marginal means (eight cells),0.4267136683119642,0.4270883319007766,exploratory,,,CI only (no verdict),False
pr_auc,PR-AUC,AUPRC,beta,logit,primary,ABC,model:effort:critic,three-way,-0.0021388602212464,0.0035489984639366,-0.6026658627724598,0.5467309956185371,-0.0171108817699712,-0.07275815513400088,0.03853639159405849,0.9830346779665592,0.9298256764018379,1.0392885490367887,ratio of ratio-of-odds-ratios,False,-0.0010643635526048,-0.0045227978212391,0.0023940707160294,difference of marginal means (eight cells),0.5463782098088077,0.5467309956185371,exploratory,,,CI only (no verdict),False
roc_auc,ROC-AUC,ROC-AUC,beta,logit,requested,A,model,main,0.0044403282888681,0.0021623274683457,2.053494835481663,0.040024610110324,0.0088806565777362,0.0004044886562577076,0.01735682449921469,1.0089202065983847,1.000404570472825,1.0175083294565754,odds ratio,True,0.0016359186176234,7.198297691415824e-05,0.0031998542583327,difference of marginal means (eight cells),0.0403473678958498,0.0403473678958498,main (Holm within endpoint),0.1210421036875497,False,not significant,False
roc_auc,ROC-AUC,ROC-AUC,beta,logit,requested,B,effort,main,0.0007536221138506,0.0021623274667954,0.3485235818456109,0.7274470068997779,0.0015072442277012,-0.00696892368770023,0.00998341214310263,1.0015083806911864,0.9930553029504503,1.0100334126554977,odds ratio,False,0.0002771268521781,-0.0012868087881505,0.0018410624925069,difference of marginal means (eight cells),0.728364124839771,0.728364124839771,main (Holm within endpoint),0.728364124839771,False,not significant,False
roc_auc,ROC-AUC,ROC-AUC,beta,logit,requested,C,critic,main,0.0020868299801812,0.0021623274671047,0.965085081666868,0.3345021984714841,0.0041736599603624,-0.004302507956251462,0.012649827876976263,1.0041823818088833,0.9957067345710051,1.0127301753862477,odds ratio,False,0.0007673600379378,-0.0007965756024661,0.0023312956783418,difference of marginal means (eight cells),0.3362128101273255,0.3362128101273255,main (Holm within endpoint),0.672425620254651,False,not significant,False
roc_auc,ROC-AUC,ROC-AUC,beta,logit,requested,AB,model:effort,two-way,0.0033222629330975,0.0021623274676367,1.536429140739034,0.1244331642826742,0.01328905173239,-0.0036632841050085307,0.03024138756978853,1.013377743621934,0.9963434175343746,1.0307033028929025,ratio of odds ratios,False,0.0012271615923098,-0.0003367740482285,0.0027910972328482,difference of marginal means (eight cells),0.1240705807376204,0.1244331642826742,exploratory,,,CI only (no verdict),False
roc_auc,ROC-AUC,ROC-AUC,beta,logit,requested,AC,model:critic,two-way,0.0045741518970784,0.002162327468434,2.115383522548124,0.0343972730098647,0.0182966075883136,0.001344271744664352,0.035248943431962845,1.0184650160461437,1.001345175682927,1.0358775516169465,ratio of odds ratios,True,0.0016873177800365,0.0001233821393033,0.0032512534207696,difference of marginal means (eight cells),0.0344649387253032,0.0343972730098647,exploratory,,,CI only (no verdict),False
roc_auc,ROC-AUC,ROC-AUC,beta,logit,requested,BC,effort:critic,two-way,-0.0014277493575148,0.0021623274669106,-0.6602835968942041,0.5090718544197015,-0.0057109974300592,-0.022663333261765208,0.01124133840164681,0.9943052793155389,0.9775915509359643,1.0113047596700346,ratio of odds ratios,False,-0.0005288296943888,-0.0020927653347469,0.0010351059459692,difference of marginal means (eight cells),0.5074952647138005,0.5090718544197015,exploratory,,,CI only (no verdict),False
roc_auc,ROC-AUC,ROC-AUC,beta,logit,requested,ABC,model:effort:critic,three-way,-0.0014430511397717,0.0021623274669147,-0.6673601301613575,0.5045421264662455,-0.0115444091181736,-0.04544908078164991,0.022360262545302705,0.9885219718840654,0.9555682581219764,1.0226121269641697,ratio of ratio-of-odds-ratios,False,-0.0005332836703552,-0.0020972193107137,0.0010306519700033,difference of marginal means (eight cells),0.5039263622706149,0.5045421264662455,exploratory,,,CI only (no verdict),False
usd,Cost per run,USD,gamma,log,requested,A,model,main,0.6138558879267461,0.0227116230667342,27.02827033202494,6.878925486627801e-161,1.2277117758534921,1.1386838493709956,1.3167397023359886,3.4134099461534,3.122655774023958,3.73123658311035,ratio of means,True,3.704741732450484,3.345301661221483,4.1028022863411095,ratio of marginal means (eight cells),1.3889955710663796e-139,1.3889955710663796e-139,main (Holm within endpoint),4.1669867131991394e-139,True,significant,True
usd,Cost per run,USD,gamma,log,requested,B,effort,main,0.2028093130473116,0.0227116230667342,8.929758672526004,4.2693910730091593e-19,0.4056186260946232,0.3165906996121268,0.49464655257711954,1.5002302946564219,1.3724407164318984,1.6399185116398254,ratio of means,True,1.4146339785915654,1.256274521633751,1.592955408172498,ratio of marginal means (eight cells),1.0250836941129388e-08,1.0250836941129388e-08,main (Holm within endpoint),1.0250836941129388e-08,True,significant,False
usd,Cost per run,USD,gamma,log,requested,C,critic,main,0.5777231351263703,0.0227116230667342,25.437333713615693,9.748820076347612e-143,1.1554462702527406,1.0664183437702444,1.2444741967352368,3.175440205872077,2.904956290148646,3.471109198876426,ratio of means,True,3.460594099740164,3.1214186771024135,3.836624548640616,ratio of marginal means (eight cells),5.1029627282730726e-123,5.1029627282730726e-123,main (Holm within endpoint),1.0205925456546144e-122,True,significant,False
usd,Cost per run,USD,gamma,log,requested,AB,model:effort,two-way,-0.017829403961695,0.0227116230667342,-0.7850343372336891,0.432433436547305,-0.07131761584678,-0.2493734688117727,0.10673823711821272,0.9311660920478638,0.7792888789390905,1.1126429677273264,ratio of ratios (how much one factor's ratio shifts),False,1.1702355183587658,1.0395445437419606,1.317356891219795,ratio of marginal means (eight cells),0.0092724671124159,0.432433436547305,exploratory,,,CI only (no verdict),True
usd,Cost per run,USD,gamma,log,requested,AC,model:critic,two-way,0.0896270761034738,0.0227116230667342,3.946308717792644,7.936527086278151e-05,0.3585083044138952,0.18045245144890248,0.536564157378888,1.431192917297145,1.1977591684134576,1.7101210498223045,ratio of ratios (how much one factor's ratio shifts),True,2.119118829257603,1.9082331374108543,2.3533102556887657,ratio of marginal means (eight cells),8.607349137667025e-45,7.936527086278151e-05,exploratory,,,CI only (no verdict),True
usd,Cost per run,USD,gamma,log,requested,BC,effort:critic,two-way,-0.0185946908210531,0.0227116230667342,-0.8187301614867327,0.4129403842861089,-0.0743787632842124,-0.2524346162492051,0.10367708968078031,0.9283200137065386,0.776907008272917,1.109242211321869,ratio of ratios (how much one factor's ratio shifts),False,1.157003900923639,1.0277062591442896,1.3025687202364025,ratio of marginal means (eight cells),0.0158666253760793,0.4129403842861089,exploratory,,,CI only (no verdict),False
usd,Cost per run,USD,gamma,log,requested,ABC,model:effort:critic,three-way,-0.0239136670183832,0.0227116230667342,-1.0529263781860514,0.2923747354596258,-0.1913093361470656,-0.547421042077051,0.16480236978291982,0.825877075001174,0.5784396599690595,1.1791600580239925,ratio of ratio-of-ratios,False,1.0592333069257642,0.9403047099610936,1.1932038483007426,ratio of marginal means (eight cells),0.3436289805304962,0.2923747354596258,exploratory,,,CI only (no verdict),True
wallclock_min,Wall-clock time,minutes,gamma,log,requested,A,model,main,0.2614649557054206,0.022255346845102,11.74841073137279,7.195947359012313e-32,0.5229299114108412,0.4356905548511471,0.6101692679705353,1.6869630683421641,1.546030309141527,1.8407429512366007,ratio of means,True,1.8459419552185212,1.6585863235493654,2.0544614733973825,ratio of marginal means (eight cells),3.04392565541081e-29,3.04392565541081e-29,main (Holm within endpoint),3.04392565541081e-29,True,significant,False
wallclock_min,Wall-clock time,minutes,gamma,log,requested,B,effort,main,0.4043856460196341,0.022255346845102,18.170269321533,8.876159445136226e-74,0.8087712920392682,0.7215319354795742,0.8960106485989623,2.24514766040296,2.057582881700131,2.449810436237634,ratio of means,True,2.094536167944874,1.8807866533372717,2.332578100256482,ratio of marginal means (eight cells),2.6214157433444905e-41,2.6214157433444905e-41,main (Holm within endpoint),5.242831486688981e-41,True,significant,False
wallclock_min,Wall-clock time,minutes,gamma,log,requested,C,critic,main,0.6752098873566117,0.022255346845102,30.339221044546935,3.485828919129731e-202,1.3504197747132234,1.2631804181535293,1.4376591312729174,3.8590451203005016,3.53665165070417,4.210827277136546,ratio of means,True,3.9040409586441216,3.5447333856348355,4.299769305228372,ratio of marginal means (eight cells),2.864502032406156e-168,2.864502032406156e-168,main (Holm within endpoint),8.593506097218468e-168,True,significant,False
wallclock_min,Wall-clock time,minutes,gamma,log,requested,AB,model:effort,two-way,-0.0009132872026448,0.022255346845102,-0.0410367544033964,0.9672665947525446,-0.0036531488105792,-0.1781318619299674,0.170825564308809,0.9963535158194384,0.8368320699214123,1.1862838007379226,ratio of ratios (how much one factor's ratio shifts),False,1.1691899696772567,1.0467502436441944,1.3059516283796246,ratio of marginal means (eight cells),0.0056142525429274,0.9672665947525446,exploratory,,,CI only (no verdict),False
wallclock_min,Wall-clock time,minutes,gamma,log,requested,AC,model:critic,two-way,0.0960107779719884,0.022255346845102,4.31405444454434,1.6028744504664668e-05,0.3840431118879536,0.2095643987685654,0.5585218250073418,1.4682087375681636,1.2331407853018785,1.7480866116546383,ratio of ratios (how much one factor's ratio shifts),True,1.5700720549111733,1.410744318372272,1.7473940709945774,ratio of marginal means (eight cells),1.4197450291719732e-16,1.6028744504664668e-05,exploratory,,,CI only (no verdict),False
wallclock_min,Wall-clock time,minutes,gamma,log,requested,BC,effort:critic,two-way,-0.0356302462167532,0.022255346845102,-1.600974654079349,0.1093825330485935,-0.1425209848670128,-0.31699969798640104,0.03195772825237539,0.867169356667691,0.7283309750915276,1.0324738599082062,ratio of ratios (how much one factor's ratio shifts),False,1.4453074051903223,1.298748996077084,1.6084043197012032,ratio of marginal means (eight cells),1.4609943975642974e-11,0.1093825330485935,exploratory,,,CI only (no verdict),False
wallclock_min,Wall-clock time,minutes,gamma,log,requested,ABC,model:effort:critic,three-way,-0.053323528925955,0.022255346845102,-2.39598732372443,0.0165756635580909,-0.42658823140764,-0.7755456576464164,-0.07763080516886361,0.6527322715476587,0.4604524630311519,0.9253059816751191,ratio of ratio-of-ratios,True,1.0600615963127638,0.9482213207911652,1.185093145806467,ratio of marginal means (eight cells),0.3052060687507142,0.0165756635580909,exploratory,,,CI only (no verdict),False
n_engineered_features,Engineered features created,features,poisson,log,requested,A,model,main,0.3035824506461818,0.0131150101046321,23.147710007402665,1.5330462812077925e-118,0.6071649012923636,0.555755006368448,0.6585747962162791,1.8352209836121305,1.7432566579193438,1.9320368250938909,ratio of means,True,1.8213592233009384,1.728985006749581,1.9186687029402727,ratio of marginal means (eight cells),7.099853563957944e-113,7.099853563957944e-113,main (Holm within endpoint),2.129956069187383e-112,True,significant,False
n_engineered_features,Engineered features created,features,poisson,log,requested,B,effort,main,0.1036654851147307,0.0131150101046321,7.904338943522152,2.6935918907604316e-15,0.2073309702294614,0.15592107530554578,0.258740865153377,1.2303897267691417,1.1687339574791964,1.295298104458465,ratio of means,True,1.204855842185114,1.141122869560422,1.272148371723379,ratio of marginal means (eight cells),1.8067827623553814e-11,1.8067827623553814e-11,main (Holm within endpoint),3.613565524710763e-11,True,significant,False
n_engineered_features,Engineered features created,features,poisson,log,requested,C,critic,main,-0.019580518246671,0.0131150101046321,-1.4929853725202402,0.1354410158756497,-0.039161036493342,-0.09057093141725761,0.012248858430573613,0.9615958446544487,0.9134095421697327,1.0123241829291927,ratio of means,False,0.968834688346894,0.9165324316685532,1.024121592331896,ratio of marginal means (eight cells),0.2634913039914802,0.2634913039914802,main (Holm within endpoint),0.2634913039914802,False,not significant,False
n_engineered_features,Engineered features created,features,poisson,log,requested,AB,model:effort,two-way,-0.0354471746696804,0.0131150101046321,-2.7027943087257427,0.0068759282063306,-0.1417886986787216,-0.24460848852655281,-0.03896890883089037,0.8678046053740277,0.783011036043697,0.9617806115651543,ratio of ratios (how much one factor's ratio shifts),True,0.9904109589041238,0.9371412431519608,1.0467086735167062,ratio of marginal means (eight cells),0.73266307657114,0.0068759282063306,exploratory,,,CI only (no verdict),False
n_engineered_features,Engineered features created,features,poisson,log,requested,AC,model:critic,two-way,0.01490492196097,0.0131150101046321,1.1364781149276912,0.2557565197331015,0.05961968784388,-0.04320010200395123,0.16243947769171124,1.0614327939797668,0.9577197292547663,1.1763771192354677,ratio of ratios (how much one factor's ratio shifts),False,1.0152565880721092,0.9608173561820356,1.0727803083404504,ratio of marginal means (eight cells),0.5902498357989386,0.2557565197331015,exploratory,,,CI only (no verdict),False
n_engineered_features,Engineered features created,features,poisson,log,requested,BC,effort:critic,two-way,-0.007341683107684,0.0131150101046321,-0.5597924095453816,0.5756210416282672,-0.029366732430736,-0.13218652227856723,0.07345305741709524,0.9710602798615491,0.8761775532034186,1.0762180150326988,ratio of ratios (how much one factor's ratio shifts),False,0.9715061058344516,0.9192071063229602,1.0267806973872668,ratio of marginal means (eight cells),0.3058870229950868,0.5756210416282672,exploratory,,,CI only (no verdict),False
n_engineered_features,Engineered features created,features,poisson,log,requested,ABC,model:effort:critic,three-way,-0.0179317913971499,0.0131150101046321,-1.3672724042215194,0.1715399380478616,-0.1434543311771992,-0.3490939108728617,0.06218524851846327,0.8663603649417881,0.7053268892958027,1.0641594604332276,ratio of ratio-of-ratios,False,0.9635135135135258,0.9117455581205391,1.0182207990537244,ratio of marginal means (eight cells),0.1871271352843877,0.1715399380478616,exploratory,,,CI only (no verdict),False
n_features_after_fs,Features surviving selection,features,poisson,log,requested,A,model,main,0.2841769806641343,0.0246549459027907,11.526165248327244,9.738564051936624e-31,0.5683539613282687,0.47170834930776234,0.664999573348775,1.7653588096809658,1.6027298782772743,1.944489691717745,ratio of means,True,1.801183431952684,1.622101447388594,2.00003628673395,ratio of marginal means (eight cells),3.296828685868977e-28,3.296828685868977e-28,main (Holm within endpoint),9.890486057606931e-28,True,significant,False
n_features_after_fs,Features surviving selection,features,poisson,log,requested,B,effort,main,0.1413950359352647,0.0246549459027907,5.734956243374282,9.753752385554773e-09,0.2827900718705294,0.1861444598500231,0.3794356838910357,1.3268265943535225,1.2045962636046657,1.461459631474942,ratio of means,True,1.3389328063241317,1.2085986494787522,1.4833220777006435,ratio of marginal means (eight cells),2.324817838637212e-08,2.324817838637212e-08,main (Holm within endpoint),4.649635677274424e-08,True,significant,False
n_features_after_fs,Features surviving selection,features,poisson,log,requested,C,critic,main,0.0960343304064489,0.0246549459027907,3.8951345010081257,9.81442537205769e-05,0.1920686608128978,0.0954230487923915,0.2887142728334041,1.2117537141037187,1.1001241628938117,1.3347103110450338,ratio of means,True,1.2596658711217394,1.1382544471662457,1.3940275927049723,ratio of marginal means (eight cells),8.036299796000995e-06,8.036299796000995e-06,main (Holm within endpoint),8.036299796000995e-06,True,significant,False
n_features_after_fs,Features surviving selection,features,poisson,log,requested,AB,model:effort,two-way,0.0228265913235313,0.0246549459027907,0.9258422798221408,0.354527951297266,0.0913063652941252,-0.10198485874688742,0.2845975893351378,1.0956046090754636,0.9030432247714004,1.3292270253522585,ratio of ratios (how much one factor's ratio shifts),False,1.1285971223021805,1.0148717074759743,1.255066482872582,ratio of marginal means (eight cells),0.0255903387251803,0.354527951297266,exploratory,,,CI only (no verdict),False
n_features_after_fs,Features surviving selection,features,poisson,log,requested,AC,model:critic,two-way,0.0741515822849847,0.0246549459027907,3.00757432514145,0.00263341719862,0.2966063291399388,0.10331510509892616,0.4898975531809514,1.345285595453035,1.1088407554086377,1.6321490029165362,ratio of ratios (how much one factor's ratio shifts),True,1.217330210772857,1.0959601799659298,1.3521411353707726,ratio of marginal means (eight cells),0.0002426465092038,0.00263341719862,exploratory,,,CI only (no verdict),False
n_features_after_fs,Features surviving selection,features,poisson,log,requested,BC,effort:critic,two-way,-0.001864666131623,0.0246549459027907,-0.0756305099583298,0.9397130625356624,-0.007458664526492,-0.20074988856750461,0.18583255951452063,0.9925690822841934,0.8181170263884582,1.2042206082124693,ratio of ratios (how much one factor's ratio shifts),False,1.0239418554938242,0.9216854911303788,1.1375430486014066,ratio of marginal means (eight cells),0.6593904958934479,0.9397130625356624,exploratory,,,CI only (no verdict),False
n_features_after_fs,Features surviving selection,features,poisson,log,requested,ABC,model:effort:critic,three-way,-0.0170359040870191,0.0246549459027907,-0.6909730872737709,0.4895824539484552,-0.1362872326961528,-0.5228696807781781,0.2502952153858724,0.8725919595485281,0.5928169094000127,1.2844045367048766,ratio of ratio-of-ratios,False,0.998311523849748,0.8985807178829941,1.1091111558672224,ratio of marginal means (eight cells),0.9748949550197548,0.4895824539484552,exploratory,,,CI only (no verdict),False
n_engineered_features_selected,Engineered features selected,features,poisson,log,requested,A,model,main,0.4785739212372331,0.02670045803039,17.92380942276452,7.687874983767564e-72,0.9571478424744662,0.8524839702538908,1.0618117146950414,2.604258116397481,2.3454656890280168,2.891605009848917,ratio of means,True,2.5863453815260993,2.3156046987468675,2.8887410861453855,ratio of marginal means (eight cells),1.1749264105338358e-63,1.1749264105338358e-63,main (Holm within endpoint),3.5247792316015075e-63,True,significant,False
n_engineered_features_selected,Engineered features selected,features,poisson,log,requested,B,effort,main,0.1795443146845357,0.02670045803039,6.72439081307824,1.7632858311745758e-11,0.3590886293690714,0.254424757148496,0.46375250158964676,1.4320237153058164,1.2897195055190827,1.5900293919900954,ratio of means,True,1.3877005347593565,1.2590085305532392,1.5295470423263913,ratio of marginal means (eight cells),4.156560502512271e-11,4.156560502512271e-11,main (Holm within endpoint),8.313121005024542e-11,True,significant,False
n_engineered_features_selected,Engineered features selected,features,poisson,log,requested,C,critic,main,0.0686344003768904,0.02670045803039,2.570532696434343,0.0101542240964229,0.1372688007537808,0.03260492853320546,0.24193267297435617,1.1471364582262618,1.0331422935621808,1.2737084349288543,ratio of means,True,1.1622276029055676,1.0480689590002663,1.288820730120754,ratio of marginal means (eight cells),0.0043720484122663,0.0043720484122663,main (Holm within endpoint),0.0043720484122663,True,significant,False
n_engineered_features_selected,Engineered features selected,features,poisson,log,requested,AB,model:effort,two-way,-0.0294219661777857,0.02670045803039,-1.101927395563707,0.2704932373618247,-0.1176878647111428,-0.3270156091522935,0.09163987973000791,0.8889734893103456,0.7210724876084897,1.0959700699684642,ratio of ratios (how much one factor's ratio shifts),False,1.1011764705882328,0.9943306383707904,1.219503425303261,ratio of marginal means (eight cells),0.0642005614950648,0.2704932373618247,exploratory,,,CI only (no verdict),False
n_engineered_features_selected,Engineered features selected,features,poisson,log,requested,AC,model:critic,two-way,0.0265547093405938,0.02670045803039,0.9945413412148124,0.3199593890603455,0.1062188373623752,-0.10310890707877551,0.3155465818035259,1.1120652112978173,0.9020287308179079,1.3710084744834021,ratio of ratios (how much one factor's ratio shifts),False,1.1161137440758284,1.0068180696730535,1.2372740689084831,ratio of marginal means (eight cells),0.0366905652644734,0.3199593890603455,exploratory,,,CI only (no verdict),False
n_engineered_features_selected,Engineered features selected,features,poisson,log,requested,BC,effort:critic,two-way,-0.0307615724231663,0.02670045803039,-1.152099053437738,0.2492803720677706,-0.1230462896926652,-0.33237403413381594,0.0862814547484855,0.8842227312150029,0.717219008287647,1.0901131026406812,ratio of ratios (how much one factor's ratio shifts),False,0.9626373626373615,0.8682095918182002,1.06733523872362,ratio of marginal means (eight cells),0.4697550544915645,0.2492803720677706,exploratory,,,CI only (no verdict),False
n_engineered_features_selected,Engineered features selected,features,poisson,log,requested,ABC,model:effort:critic,three-way,-0.00201600492795,0.02670045803039,-0.0755045072880584,0.9398133114786008,-0.0161280394236,-0.4347835283059014,0.40252744945870145,0.9840013210270698,0.6474047967235509,1.4955999780713332,ratio of ratio-of-ratios,False,0.984444444444443,0.8880781925006581,1.0912674946658032,ratio of marginal means (eight cells),0.7654906756962097,0.9398133114786008,exploratory,,,CI only (no verdict),False
prop_engineered_selected,Engineered share of selected features,proportion,beta,logit,requested,A,model,main,0.24906080191852,0.0240678380400239,10.348283111442807,4.260574658885327e-25,0.49812160383704,0.40377741234866016,0.5924657953254199,1.6456272258222129,1.49747059139721,1.8084421703671252,odds ratio,True,0.0725249082590254,0.0588645519603433,0.0861852645577075,difference of marginal means (eight cells),2.334187300453171e-25,2.334187300453171e-25,main (Holm within endpoint),7.002561901359514e-25,True,significant,False
prop_engineered_selected,Engineered share of selected features,proportion,beta,logit,requested,B,effort,main,0.0476939999375222,0.0240595944555561,1.9823276749582972,0.0474425785289243,0.0953879998750444,0.0010761226439853222,0.18969987710610348,1.1000856054086579,1.0010767018717126,1.2088867286239353,odds ratio,True,0.0107144752386607,-0.002945089461569,0.0243740399388904,difference of marginal means (eight cells),0.1241994927189167,0.1241994927189167,main (Holm within endpoint),0.2483989854378335,False,not significant,False
prop_engineered_selected,Engineered share of selected features,proportion,beta,logit,requested,C,critic,main,-0.0172330752851517,0.0240590023196029,-0.7162838698057903,0.4738160846855306,-0.0344661505703034,-0.12877570667107802,0.059843405530471225,0.966121041779297,0.8791711356534945,1.0616702818330341,odds ratio,False,-0.00866272266278,-0.0223222823256007,0.0049968370000406,difference of marginal means (eight cells),0.2138734511273955,0.2138734511273955,main (Holm within endpoint),0.2483989854378335,False,not significant,False
prop_engineered_selected,Engineered share of selected features,proportion,beta,logit,requested,AB,model:effort,two-way,-0.0702717069496486,0.0240599987906921,-2.9206862211827707,0.0034926139611163,-0.2810868277985944,-0.4697137521899295,-0.09245990340725926,0.754962780877984,0.6251811994213874,0.9116857657244519,ratio of odds ratios,True,-0.0179796864214926,-0.0316392829742194,-0.0043200898687658,difference of marginal means (eight cells),0.0098846849658771,0.0034926139611163,exploratory,,,CI only (no verdict),False
prop_engineered_selected,Engineered share of selected features,proportion,beta,logit,requested,AC,model:critic,two-way,-0.0653126728962863,0.0240596268993863,-2.7146170291590055,0.0066352451922929,-0.2612506915851452,-0.44987470040221816,-0.07262668276807221,0.7700878408729529,0.6377080511782924,0.9299479308197783,ratio of odds ratios,True,-0.0193197814149524,-0.0329793864363046,-0.0056601763936003,difference of marginal means (eight cells),0.0055692357701062,0.0066352451922929,exploratory,,,CI only (no verdict),False
prop_engineered_selected,Engineered share of selected features,proportion,beta,logit,requested,BC,effort:critic,two-way,-0.0436304709012758,0.0240593823685374,-1.8134493326949033,0.0697625465757564,-0.1745218836051032,-0.3631439753355484,0.014100208125341962,0.8398584748969009,0.695486293417953,1.014200084935765,ratio of odds ratios,False,-0.0113599854646437,-0.0250195526349954,0.0022995817057079,difference of marginal means (eight cells),0.1031004465785,0.0697625465757564,exploratory,,,CI only (no verdict),False
prop_engineered_selected,Engineered share of selected features,proportion,beta,logit,requested,ABC,model:effort:critic,three-way,0.0171669261456531,0.0240591274936516,0.7135307026484196,0.4755174213606198,0.1373354091652248,-0.2399047779308917,0.5145755962613413,1.1472128697082493,0.7867027689654884,1.6729283540655389,ratio of ratio-of-odds-ratios,False,0.0027105425878944,-0.0109490060418687,0.0163700912176576,difference of marginal means (eight cells),0.6973302252777487,0.4755174213606198,exploratory,,,CI only (no verdict),False
total_tokens,Total tokens,tokens,negbin,log,extra,A,model,main,0.1396546526436649,0.0203334697648113,6.868215521452637,6.500995632487836e-12,0.2793093052873298,0.1996035684478012,0.35901504212685836,1.322216249104845,1.2209186515328034,1.4319183405069913,ratio of means,True,1.424259862666293,1.3037688066305937,1.555886401090253,ratio of marginal means (eight cells),4.4475501126752224e-15,4.4475501126752224e-15,main (Holm within endpoint),8.895100225350445e-15,True,significant,False
total_tokens,Total tokens,tokens,negbin,log,extra,B,effort,main,0.0786903901522077,0.0203334697648113,3.869993221146532,0.00010883837955,0.1573807803044154,0.07767504346488684,0.23708651714394396,1.170441210018668,1.0807713978722262,1.267550777904583,ratio of means,True,1.1195538174628483,1.0227205940187656,1.2255554034268703,ratio of marginal means (eight cells),0.0144165704001696,0.0144165704001696,main (Holm within endpoint),0.0144165704001696,True,significant,False
total_tokens,Total tokens,tokens,negbin,log,extra,C,critic,main,0.5163533300787458,0.0203334697648113,25.39425568047105,2.9186271091331946e-142,1.0327066601574917,0.9530009233179632,1.1124123969970203,2.8086576375727503,2.5934808302380183,3.04168730808462,ratio of means,True,2.8570401375579406,2.6347849027608294,3.098043540125012,ratio of marginal means (eight cells),2.1326156935221412e-142,2.1326156935221412e-142,main (Holm within endpoint),6.397847080566424e-142,True,significant,False
total_tokens,Total tokens,tokens,negbin,log,extra,AB,model:effort,two-way,-0.022577031276509,0.0203334697648113,-1.1103383503970587,0.2668532531547881,-0.090308125106036,-0.24971959878509314,0.06910334857302114,0.9136496235082086,0.7790191903765543,1.0715469462738083,ratio of ratios (how much one factor's ratio shifts),False,0.9671397782914138,0.8835080291050326,1.058688002757662,ratio of marginal means (eight cells),0.4690228588313763,0.2668532531547881,exploratory,,,CI only (no verdict),False
total_tokens,Total tokens,tokens,negbin,log,extra,AC,model:critic,two-way,0.0817172646979643,0.0203334697648113,4.01885490490081,5.848166894654219e-05,0.3268690587918572,0.16745758511280004,0.4862805324709143,1.3866198996076786,1.1822951422063253,1.6262561498814576,ratio of ratios (how much one factor's ratio shifts),True,1.3419080572240971,1.2282613746583009,1.466070065537888,ratio of marginal means (eight cells),7.335090910830295e-11,5.848166894654219e-05,exploratory,,,CI only (no verdict),False
total_tokens,Total tokens,tokens,negbin,log,extra,BC,effort:critic,two-way,-0.0360106538478944,0.0203334697648113,-1.7710038800270922,0.0765600565093001,-0.1440426153915776,-0.30345408907063476,0.015368858287479553,0.8658508487000052,0.7382637827301314,1.0154875665471557,ratio of ratios (how much one factor's ratio shifts),False,0.9953896205057844,0.9093157742261918,1.0896110291870826,ratio of marginal means (eight cells),0.9202311746986418,0.0765600565093001,exploratory,,,CI only (no verdict),False
total_tokens,Total tokens,tokens,negbin,log,extra,ABC,model:effort:critic,three-way,-0.0056603371865448,0.0203334697648113,-0.278375370854831,0.7807242238073638,-0.0452826974923584,-0.3641056448504727,0.27354024986575587,0.9557272619393276,0.6948177869441935,1.314610271034135,ratio of ratio-of-ratios,False,0.9775352305271036,0.8930127257377497,1.0700576815769818,ratio of marginal means (eight cells),0.6224148689784654,0.7807242238073638,exploratory,,,CI only (no verdict),False
n_turns_total,Agent turns,turns,negbin,log,extra,A,model,main,0.0573294026784885,0.0269610440366246,2.126379178811124,0.033471700008676,0.114658805356977,0.008973454762211758,0.22034415595174225,1.1214907256582292,1.0090138369061317,1.2465056491137383,ratio of means,True,1.1559829152640029,1.0436589225123565,1.280395799391483,ratio of marginal means (eight cells),0.0054470414692476,0.0054470414692476,main (Holm within endpoint),0.0108940829384952,True,significant,False
n_turns_total,Agent turns,turns,negbin,log,extra,B,effort,main,-0.0106876198643755,0.0269610440366246,-0.3964097180308441,0.6918027981096788,-0.021375239728751,-0.12706059032351624,0.08431011086601425,0.9788515916415763,0.8806803102756391,1.087966231650349,ratio of means,False,0.9385206628608956,0.8473945356334752,1.0394462054896203,ratio of marginal means (eight cells),0.2233883194662694,0.2233883194662694,main (Holm within endpoint),0.2233883194662694,False,not significant,False
n_turns_total,Agent turns,turns,negbin,log,extra,C,critic,main,0.351130095617901,0.0269610440366246,13.023608994552148,8.982305730627584e-39,0.702260191235802,0.5965748406410367,0.8079455418305672,2.0183093211603627,1.8158884292263378,2.24329449448519,ratio of means,True,2.030030028860717,1.8267989242271776,2.2558705632146303,ratio of marginal means (eight cells),1.5742491884021132e-39,1.5742491884021132e-39,main (Holm within endpoint),4.722747565206339e-39,True,significant,False
n_turns_total,Agent turns,turns,negbin,log,extra,AB,model:effort,two-way,-0.034270513756944,0.0269610440366246,-1.271112265177491,0.2036887125327937,-0.137082055027776,-0.34845275621730654,0.07428864616175448,0.8718986795264038,0.7057792579181904,1.0771176665098383,ratio of ratios (how much one factor's ratio shifts),False,0.9311004815284332,0.8406699746865818,1.0312585590150227,ratio of marginal means (eight cells),0.1708462859211592,0.2036887125327937,exploratory,,,CI only (no verdict),False
n_turns_total,Agent turns,turns,negbin,log,extra,AC,model:critic,two-way,0.0433690033134516,0.0269610440366246,1.6085802632323123,0.107708152760114,0.1734760132538064,-0.03789468793572409,0.3848467144433369,1.1894321558201915,0.9628143315170442,1.4693890680562884,ratio of ratios (how much one factor's ratio shifts),False,1.1377118723007262,1.0271984216503594,1.2601151608998593,ratio of marginal means (eight cells),0.0133355152273393,0.107708152760114,exploratory,,,CI only (no verdict),False
n_turns_total,Agent turns,turns,negbin,log,extra,BC,effort:critic,two-way,-0.0563589314429761,0.0269610440366246,-2.0903838651951525,0.0365833310970281,-0.2254357257719044,-0.4368064269614349,-0.014065024582373908,0.7981683604544978,0.6460964861666529,0.9860334257665281,ratio of ratios (how much one factor's ratio shifts),True,0.8842203642024009,0.7983036757916719,0.9793837560560846,ratio of marginal means (eight cells),0.0183044246649571,0.0365833310970281,exploratory,,,CI only (no verdict),False
n_turns_total,Agent turns,turns,negbin,log,extra,ABC,model:effort:critic,three-way,0.0084334295626694,0.0269610440366246,0.3128005559136815,0.7544321930070116,0.0674674365013552,-0.35527396587770577,0.4902088388804162,1.0697954227489015,0.7009813719224703,1.6326571466453748,ratio of ratio-of-ratios,False,0.9842674555488434,0.8886979078966701,1.0901144420891735,ratio of marginal means (eight cells),0.7609063519245001,0.7544321930070116,exploratory,,,CI only (no verdict),False
inner_cv_score,Inner-CV score (Optuna best),score,beta,logit,extra,A,model,main,0.0090162137651193,0.0017870451814471,5.045319423775208,4.527643253300856e-07,0.0180324275302386,0.011027339141474274,0.025037515919002926,1.0181959934358262,1.0110883643547008,1.0253535868849888,odds ratio,True,0.0043608934445025,0.0026656805779398,0.0060561063110651,difference of marginal means (eight cells),4.607895728230295e-07,4.607895728230295e-07,main (Holm within endpoint),1.3823687184690885e-06,True,significant,False
inner_cv_score,Inner-CV score (Optuna best),score,beta,logit,extra,B,effort,main,0.0058263633301064,0.0017870451800073,3.260333535653805,0.0011128126781224,0.0116527266602128,0.004647638277092386,0.018657815043333213,1.0117208841624912,1.0046584552992461,1.018832959650602,odds ratio,True,0.0028206876509466,0.0011254747855755,0.0045159005163177,difference of marginal means (eight cells),0.0011093760181024,0.0011093760181024,main (Holm within endpoint),0.0022187520362049,True,significant,False
inner_cv_score,Inner-CV score (Optuna best),score,beta,logit,extra,C,critic,main,0.0044752133887162,0.0017870451795836,2.5042530764436974,0.0122710225503492,0.0089504267774324,0.0019453383959728609,0.01595551515889194,1.0089906016183852,1.0019472317942781,1.0160834840883735,odds ratio,True,0.0021639946329542,0.0004687817679409,0.0038592074979675,difference of marginal means (eight cells),0.0123508544259172,0.0123508544259172,main (Holm within endpoint),0.0123508544259172,True,significant,False
inner_cv_score,Inner-CV score (Optuna best),score,beta,logit,extra,AB,model:effort,two-way,0.0014893599724748,0.0017870451790421,0.8334204361152269,0.4046076530924739,0.0059574398898992,-0.008052736868774599,0.019967616648572998,1.005975220726806,0.9919795995596318,1.0201683030231627,ratio of odds ratios,False,0.0007181730522454,-0.0009770398123176,0.0024133859168084,difference of marginal means (eight cells),0.406349823748579,0.4046076530924739,exploratory,,,CI only (no verdict),False
inner_cv_score,Inner-CV score (Optuna best),score,beta,logit,extra,AC,model:critic,two-way,0.0045496133833741,0.001787045179604,2.545886044348435,0.0109000765023226,0.0181984535334964,0.004188276770417387,0.03220863029657541,1.0183650544810259,1.0041970598592918,1.032732942211021,ratio of odds ratios,True,0.0022000214395021,0.0005048085744718,0.0038952343045324,difference of marginal means (eight cells),0.0109713062957398,0.0109000765023226,exploratory,,,CI only (no verdict),False
inner_cv_score,Inner-CV score (Optuna best),score,beta,logit,extra,BC,effort:critic,two-way,-0.0024438909146572,0.0017870451791565,-1.3675596695382288,0.171449947775594,-0.0097755636586288,-0.023785740418199478,0.004234613100941878,0.9902720618487278,0.9764949107366566,1.0042435917442192,ratio of odds ratios,False,-0.001183908541226,-0.0028791214058867,0.0005113043234345,difference of marginal means (eight cells),0.1710598213367776,0.171449947775594,exploratory,,,CI only (no verdict),False
inner_cv_score,Inner-CV score (Optuna best),score,beta,logit,extra,ABC,model:effort:critic,three-way,-0.0023317951281261,0.0017870451791402,-1.3048327794644707,0.1919497946603356,-0.0186543610250088,-0.046674714543894574,0.009365992493876978,0.9815185546875418,0.9543977988264276,1.0094099906564502,ratio of ratio-of-odds-ratios,False,-0.0011295935972958,-0.0028248064619427,0.0005656192673511,difference of marginal means (eight cells),0.1915495953277627,0.1919497946603356,exploratory,,,CI only (no verdict),False
